{
"lengthUnit": "mil",
"components": {
	"fields": ["COMPONENT_NO", "COMPONENT_NAME", "LAYER", "X_COORDINATE", "Y_COORDINATE", "ANGLE"],
	"rows": [
		[1, "DC1", "T", 500, 435, 270],
		[2, "GND", "T", 1135, 510, 270],
		[3, "GNDN1", "T", 80, 2580, 270],
		[4, "H4", "T", 3455, 1255, 270],
		[5, "H5", "T", 80, 2055, 90],
		[6, "H12", "T", 1350, 1030, 180],
		[7, "H13", "T", 2290, 1030, 180],
		[8, "HC-05", "T", 3205, 1970, 0],
		[9, "HC-SR04", "T", 1770, 3684, 0],
		[10, "JP1", "T", 1085, 135, 180],
		[11, "OLED1", "T", 795, 3320, 0],
		[12, "SG90", "T", 1370, 770, 0],
		[13, "SW1", "T", 170, 970, 270],
		[14, "TB6612", "T", 2895, 2990, 180],
		[15, "TCRT5000", "T", 1005, 3685, 0],
		[16, "TCRT5000", "T", 2540, 3685, 0],
		[17, "TCRT5000", "T", 3075, 3685, 0],
		[18, "TCRT5000N1", "T", 420, 3685, 0],
		[19, "U3", "T", 1915, 2305, 0],
		[20, "U9", "T", 755, 1720, 90],
		[21, "USART2", "T", 2135, 775, 0],
		[22, "VCC_5V", "T", 80, 2960, 270],
		[23, "VIN_12V", "T", 945, 505, 90],
		[24, "WS2812", "T", 1490, 120, 90]
	]
},
"pins": {
	"fields": ["PIN_NO", "PIN_NAME", "PIN_X", "PIN_Y", "LAYER", "PIN_TYPE", "NET_NAME", "NET_TYPE", "PAD_SHAPE", "PAD_SIZEX", "PAD_SIZEY", "HOLE_SIZE", "PAD_ANGLE"],
	"rows": [
		[1, "DC1_2", 699.5, 459.7, "T", "DIP", "GND", "GND", "O", 157.5, 51.2, 137.8, 90],
		[2, "DC1_2", 699.5, 459.7, "B", "DIP", "GND", "GND", "O", 157.5, 51.2, 137.8, 90],
		[3, "DC1_3", 510.5, 321.9, "T", "DIP", "GND", "GND", "O", 157.5, 51.2, 137.8, 0],
		[4, "DC1_3", 510.5, 321.9, "B", "DIP", "GND", "GND", "O", 157.5, 51.2, 137.8, 0],
		[5, "DC1_4", 510.5, 558.1, "T", "DIP", "+12V", "", "O", 157.5, 51.2, 137.8, 180],
		[6, "DC1_4", 510.5, 558.1, "B", "DIP", "+12V", "", "O", 157.5, 51.2, 137.8, 180],
		[7, "GND_1", 1135, 560, "T", "DIP", "GND", "GND", "R", 66.93, 66.93, 39.37, 270],
		[8, "GND_1", 1135, 560, "B", "DIP", "GND", "GND", "R", 66.93, 66.93, 39.37, 270],
		[9, "GND_2", 1135, 460, "T", "DIP", "GND", "GND", "C", 66.93, 66.93, 39.37, 270],
		[10, "GND_2", 1135, 460, "B", "DIP", "GND", "GND", "C", 66.93, 66.93, 39.37, 270],
		[11, "GNDN1_1", 80, 2680, "T", "DIP", "GND", "GND", "R", 66.93, 66.93, 43.31, 270],
		[12, "GNDN1_1", 80, 2680, "B", "DIP", "GND", "GND", "R", 66.93, 66.93, 43.31, 270],
		[13, "GNDN1_2", 80, 2580, "T", "DIP", "GND", "GND", "C", 66.93, 66.93, 43.31, 270],
		[14, "GNDN1_2", 80, 2580, "B", "DIP", "GND", "GND", "C", 66.93, 66.93, 43.31, 270],
		[15, "GNDN1_3", 80, 2480, "T", "DIP", "GND", "GND", "C", 66.93, 66.93, 43.31, 270],
		[16, "GNDN1_3", 80, 2480, "B", "DIP", "GND", "GND", "C", 66.93, 66.93, 43.31, 270],
		[17, "H4_1", 3455, 1305, "T", "DIP", "BO2", "", "R", 66.93, 66.93, 39.37, 270],
		[18, "H4_1", 3455, 1305, "B", "DIP", "BO2", "", "R", 66.93, 66.93, 39.37, 270],
		[19, "H4_2", 3455, 1205, "T", "DIP", "BO1", "", "C", 66.93, 66.93, 39.37, 270],
		[20, "H4_2", 3455, 1205, "B", "DIP", "BO1", "", "C", 66.93, 66.93, 39.37, 270],
		[21, "H5_1", 80, 2005, "T", "DIP", "AO2", "", "R", 66.93, 66.93, 39.37, 90],
		[22, "H5_1", 80, 2005, "B", "DIP", "AO2", "", "R", 66.93, 66.93, 39.37, 90],
		[23, "H5_2", 80, 2105, "T", "DIP", "AO1", "", "C", 66.93, 66.93, 39.37, 90],
		[24, "H5_2", 80, 2105, "B", "DIP", "AO1", "", "C", 66.93, 66.93, 39.37, 90],
		[25, "H12_1", 1550, 1030, "T", "DIP", "C13", "", "R", 66.93, 66.93, 43.31, 180],
		[26, "H12_1", 1550, 1030, "B", "DIP", "C13", "", "R", 66.93, 66.93, 43.31, 180],
		[27, "H12_2", 1450, 1030, "T", "DIP", "A15", "", "C", 66.93, 66.93, 43.31, 180],
		[28, "H12_2", 1450, 1030, "B", "DIP", "A15", "", "C", 66.93, 66.93, 43.31, 180],
		[29, "H12_3", 1350, 1030, "T", "DIP", "A12", "", "C", 66.93, 66.93, 43.31, 180],
		[30, "H12_3", 1350, 1030, "B", "DIP", "A12", "", "C", 66.93, 66.93, 43.31, 180],
		[31, "H12_4", 1250, 1030, "T", "DIP", "A11", "", "C", 66.93, 66.93, 43.31, 180],
		[32, "H12_4", 1250, 1030, "B", "DIP", "A11", "", "C", 66.93, 66.93, 43.31, 180],
		[33, "H12_5", 1150, 1030, "T", "DIP", "B7", "", "C", 66.93, 66.93, 43.31, 180],
		[34, "H12_5", 1150, 1030, "B", "DIP", "B7", "", "C", 66.93, 66.93, 43.31, 180],
		[35, "H13_1", 2490, 1030, "T", "DIP", "B1", "", "R", 66.93, 66.93, 43.31, 180],
		[36, "H13_1", 2490, 1030, "B", "DIP", "B1", "", "R", 66.93, 66.93, 43.31, 180],
		[37, "H13_2", 2390, 1030, "T", "DIP", "B3", "", "C", 66.93, 66.93, 43.31, 180],
		[38, "H13_2", 2390, 1030, "B", "DIP", "B3", "", "C", 66.93, 66.93, 43.31, 180],
		[39, "H13_3", 2290, 1030, "T", "DIP", "B4", "", "C", 66.93, 66.93, 43.31, 180],
		[40, "H13_3", 2290, 1030, "B", "DIP", "B4", "", "C", 66.93, 66.93, 43.31, 180],
		[41, "H13_4", 2190, 1030, "T", "DIP", "B5", "", "C", 66.93, 66.93, 43.31, 180],
		[42, "H13_4", 2190, 1030, "B", "DIP", "B5", "", "C", 66.93, 66.93, 43.31, 180],
		[43, "H13_5", 2090, 1030, "T", "DIP", "B6", "", "C", 66.93, 66.93, 43.31, 180],
		[44, "H13_5", 2090, 1030, "B", "DIP", "B6", "", "C", 66.93, 66.93, 43.31, 180],
		[45, "HC-05_1", 3205, 2220, "T", "DIP", "HC-05_1", "", "R", 60, 60, 36, 0],
		[46, "HC-05_1", 3205, 2220, "B", "DIP", "HC-05_1", "", "R", 60, 60, 36, 0],
		[47, "HC-05_2", 3205, 2120, "T", "DIP", "A9", "", "C", 60, 60, 36, 0],
		[48, "HC-05_2", 3205, 2120, "B", "DIP", "A9", "", "C", 60, 60, 36, 0],
		[49, "HC-05_3", 3205, 2020, "T", "DIP", "A10", "", "C", 60, 60, 36, 0],
		[50, "HC-05_3", 3205, 2020, "B", "DIP", "A10", "", "C", 60, 60, 36, 0],
		[51, "HC-05_4", 3205, 1920, "T", "DIP", "GND", "GND", "C", 60, 60, 36, 0],
		[52, "HC-05_4", 3205, 1920, "B", "DIP", "GND", "GND", "C", 60, 60, 36, 0],
		[53, "HC-05_5", 3205, 1820, "T", "DIP", "+5V", "", "C", 60, 60, 36, 0],
		[54, "HC-05_5", 3205, 1820, "B", "DIP", "+5V", "", "C", 60, 60, 36, 0],
		[55, "HC-05_6", 3205, 1720, "T", "DIP", "HC-05_6", "", "C", 60, 60, 36, 0],
		[56, "HC-05_6", 3205, 1720, "B", "DIP", "HC-05_6", "", "C", 60, 60, 36, 0],
		[57, "HC-SR04_1", 1620, 3684, "T", "DIP", "GND", "GND", "R", 62, 62, 35, 0],
		[58, "HC-SR04_1", 1620, 3684, "B", "DIP", "GND", "GND", "R", 62, 62, 35, 0],
		[59, "HC-SR04_2", 1719.99, 3683.99, "T", "DIP", "B10", "", "C", 62, 62, 35, 0],
		[60, "HC-SR04_2", 1719.99, 3683.99, "B", "DIP", "B10", "", "C", 62, 62, 35, 0],
		[61, "HC-SR04_3", 1819.99, 3683.99, "T", "DIP", "B11", "", "C", 62, 62, 35, 0],
		[62, "HC-SR04_3", 1819.99, 3683.99, "B", "DIP", "B11", "", "C", 62, 62, 35, 0],
		[63, "HC-SR04_4", 1919.99, 3683.99, "T", "DIP", "+5V", "", "C", 62, 62, 35, 0],
		[64, "HC-SR04_4", 1919.99, 3683.99, "B", "DIP", "+5V", "", "C", 62, 62, 35, 0],
		[65, "JP1_1", 1085, 135, "T", "DIP", "+12V", "", "R", 70.87, 70.87, 35.43, 180],
		[66, "JP1_1", 1085, 135, "B", "DIP", "+12V", "", "R", 70.87, 70.87, 35.43, 180],
		[67, "JP1_2", 986.58, 135, "T", "DIP", "GND", "GND", "C", 70.87, 70.87, 35.43, 180],
		[68, "JP1_2", 986.58, 135, "B", "DIP", "GND", "GND", "C", 70.87, 70.87, 35.43, 180],
		[69, "OLED1_1", 645, 3319.95, "T", "DIP", "GND", "GND", "C", 64.96, 64.96, 39.37, 0],
		[70, "OLED1_1", 645, 3319.95, "B", "DIP", "GND", "GND", "C", 64.96, 64.96, 39.37, 0],
		[71, "OLED1_2", 745, 3320.05, "T", "DIP", "+5V", "", "C", 64.96, 64.96, 39.37, 0],
		[72, "OLED1_2", 745, 3320.05, "B", "DIP", "+5V", "", "C", 64.96, 64.96, 39.37, 0],
		[73, "OLED1_3", 845, 3320.05, "T", "DIP", "B8", "", "C", 64.96, 64.96, 39.37, 0],
		[74, "OLED1_3", 845, 3320.05, "B", "DIP", "B8", "", "C", 64.96, 64.96, 39.37, 0],
		[75, "OLED1_4", 945, 3320.05, "T", "DIP", "B9", "", "C", 64.96, 64.96, 39.37, 0],
		[76, "OLED1_4", 945, 3320.05, "B", "DIP", "B9", "", "C", 64.96, 64.96, 39.37, 0],
		[77, "SG90_1", 1255, 780, "T", "DIP", "GND", "GND", "R", 62, 70.87, 47.24, 0],
		[78, "SG90_1", 1255, 780, "B", "DIP", "GND", "GND", "R", 62, 70.87, 47.24, 0],
		[79, "SG90_2", 1355, 780, "T", "DIP", "+5V", "", "C", 70.87, 70.87, 47.24, 0],
		[80, "SG90_2", 1355, 780, "B", "DIP", "+5V", "", "C", 70.87, 70.87, 47.24, 0],
		[81, "SG90_3", 1455, 780, "T", "DIP", "B0", "", "C", 70.87, 70.87, 47.24, 0],
		[82, "SG90_3", 1455, 780, "B", "DIP", "B0", "", "C", 70.87, 70.87, 47.24, 0],
		[83, "SW1_1", 170, 1155.04, "T", "DIP", "VIN_12V", "", "O", 78.74, 118.11, 78.74, 270],
		[84, "SW1_1", 170, 1155.04, "B", "DIP", "VIN_12V", "", "O", 78.74, 118.11, 78.74, 270],
		[85, "SW1_2", 170, 970, "T", "DIP", "+12V", "", "O", 78.74, 118.11, 78.74, 270],
		[86, "SW1_2", 170, 970, "B", "DIP", "+12V", "", "O", 78.74, 118.11, 78.74, 270],
		[87, "SW1_3", 170, 784.96, "T", "DIP", "SW1_3", "", "O", 78.74, 118.11, 78.74, 270],
		[88, "SW1_3", 170, 784.96, "B", "DIP", "SW1_3", "", "O", 78.74, 118.11, 78.74, 270],
		[89, "TB6612_1", 3194.21, 2640, "T", "DIP", "+5V", "", "C", 59.06, 59.06, 30, 180],
		[90, "TB6612_1", 3194.21, 2640, "B", "DIP", "+5V", "", "C", 59.06, 59.06, 30, 180],
		[91, "TB6612_2", 3194.21, 2740, "T", "DIP", "+5V", "", "C", 59.06, 59.06, 30, 180],
		[92, "TB6612_2", 3194.21, 2740, "B", "DIP", "+5V", "", "C", 59.06, 59.06, 30, 180],
		[93, "TB6612_3", 3194.21, 2840, "T", "DIP", "GND", "GND", "C", 59.06, 59.06, 30, 180],
		[94, "TB6612_3", 3194.21, 2840, "B", "DIP", "GND", "GND", "C", 59.06, 59.06, 30, 180],
		[95, "TB6612_4", 3194.21, 2940, "T", "DIP", "AO1", "", "C", 59.06, 59.06, 30, 180],
		[96, "TB6612_4", 3194.21, 2940, "B", "DIP", "AO1", "", "C", 59.06, 59.06, 30, 180],
		[97, "TB6612_5", 3194.21, 3040, "T", "DIP", "AO2", "", "C", 59.06, 59.06, 30, 180],
		[98, "TB6612_5", 3194.21, 3040, "B", "DIP", "AO2", "", "C", 59.06, 59.06, 30, 180],
		[99, "TB6612_6", 3194.21, 3140, "T", "DIP", "BO2", "", "C", 59.06, 59.06, 30, 180],
		[100, "TB6612_6", 3194.21, 3140, "B", "DIP", "BO2", "", "C", 59.06, 59.06, 30, 180],
		[101, "TB6612_7", 3194.21, 3240, "T", "DIP", "BO1", "", "C", 59.06, 59.06, 30, 180],
		[102, "TB6612_7", 3194.21, 3240, "B", "DIP", "BO1", "", "C", 59.06, 59.06, 30, 180],
		[103, "TB6612_8", 3194.21, 3340, "T", "DIP", "GND", "GND", "C", 59.06, 59.06, 30, 180],
		[104, "TB6612_8", 3194.21, 3340, "B", "DIP", "GND", "GND", "C", 59.06, 59.06, 30, 180],
		[105, "TB6612_9", 2595.79, 2640, "T", "DIP", "A0", "", "C", 59.06, 59.06, 30, 180],
		[106, "TB6612_9", 2595.79, 2640, "B", "DIP", "A0", "", "C", 59.06, 59.06, 30, 180],
		[107, "TB6612_10", 2595.79, 2740, "T", "DIP", "A4", "", "C", 59.06, 59.06, 30, 180],
		[108, "TB6612_10", 2595.79, 2740, "B", "DIP", "A4", "", "C", 59.06, 59.06, 30, 180],
		[109, "TB6612_11", 2595.79, 2840, "T", "DIP", "A5", "", "C", 59.06, 59.06, 30, 180],
		[110, "TB6612_11", 2595.79, 2840, "B", "DIP", "A5", "", "C", 59.06, 59.06, 30, 180],
		[111, "TB6612_12", 2595.79, 2940, "T", "DIP", "+5V", "", "C", 59.06, 59.06, 30, 180],
		[112, "TB6612_12", 2595.79, 2940, "B", "DIP", "+5V", "", "C", 59.06, 59.06, 30, 180],
		[113, "TB6612_13", 2595.79, 3040, "T", "DIP", "A6", "", "C", 59.06, 59.06, 30, 180],
		[114, "TB6612_13", 2595.79, 3040, "B", "DIP", "A6", "", "C", 59.06, 59.06, 30, 180],
		[115, "TB6612_14", 2595.79, 3140, "T", "DIP", "A7", "", "C", 59.06, 59.06, 30, 180],
		[116, "TB6612_14", 2595.79, 3140, "B", "DIP", "A7", "", "C", 59.06, 59.06, 30, 180],
		[117, "TB6612_15", 2595.79, 3240, "T", "DIP", "A1", "", "C", 59.06, 59.06, 30, 180],
		[118, "TB6612_15", 2595.79, 3240, "B", "DIP", "A1", "", "C", 59.06, 59.06, 30, 180],
		[119, "TB6612_16", 2595.79, 3340, "T", "DIP", "GND", "GND", "C", 59.06, 59.06, 30, 180],
		[120, "TB6612_16", 2595.79, 3340, "B", "DIP", "GND", "GND", "C", 59.06, 59.06, 30, 180],
		[121, "TCRT5000_1", 855, 3685, "T", "DIP", "TCRT5000_1", "", "R", 66.93, 66.93, 43.31, 0],
		[122, "TCRT5000_1", 855, 3685, "B", "DIP", "TCRT5000_1", "", "R", 66.93, 66.93, 43.31, 0],
		[123, "TCRT5000_2", 955, 3685, "T", "DIP", "B12", "", "C", 66.93, 66.93, 43.31, 0],
		[124, "TCRT5000_2", 955, 3685, "B", "DIP", "B12", "", "C", 66.93, 66.93, 43.31, 0],
		[125, "TCRT5000_3", 1055, 3685, "T", "DIP", "GND", "GND", "C", 66.93, 66.93, 43.31, 0],
		[126, "TCRT5000_3", 1055, 3685, "B", "DIP", "GND", "GND", "C", 66.93, 66.93, 43.31, 0],
		[127, "TCRT5000_4", 1155, 3685, "T", "DIP", "+5V", "", "C", 66.93, 66.93, 43.31, 0],
		[128, "TCRT5000_4", 1155, 3685, "B", "DIP", "+5V", "", "C", 66.93, 66.93, 43.31, 0],
		[129, "TCRT5000_1", 2390, 3685, "T", "DIP", "TCRT5000_A_1", "", "R", 66.93, 66.93, 43.31, 0],
		[130, "TCRT5000_1", 2390, 3685, "B", "DIP", "TCRT5000_A_1", "", "R", 66.93, 66.93, 43.31, 0],
		[131, "TCRT5000_2", 2490, 3685, "T", "DIP", "B14", "", "C", 66.93, 66.93, 43.31, 0],
		[132, "TCRT5000_2", 2490, 3685, "B", "DIP", "B14", "", "C", 66.93, 66.93, 43.31, 0],
		[133, "TCRT5000_3", 2590, 3685, "T", "DIP", "GND", "GND", "C", 66.93, 66.93, 43.31, 0],
		[134, "TCRT5000_3", 2590, 3685, "B", "DIP", "GND", "GND", "C", 66.93, 66.93, 43.31, 0],
		[135, "TCRT5000_4", 2690, 3685, "T", "DIP", "+5V", "", "C", 66.93, 66.93, 43.31, 0],
		[136, "TCRT5000_4", 2690, 3685, "B", "DIP", "+5V", "", "C", 66.93, 66.93, 43.31, 0],
		[137, "TCRT5000_1", 2925, 3685, "T", "DIP", "TCRT5000_B_1", "", "R", 66.93, 66.93, 43.31, 0],
		[138, "TCRT5000_1", 2925, 3685, "B", "DIP", "TCRT5000_B_1", "", "R", 66.93, 66.93, 43.31, 0],
		[139, "TCRT5000_2", 3025, 3685, "T", "DIP", "B15", "", "C", 66.93, 66.93, 43.31, 0],
		[140, "TCRT5000_2", 3025, 3685, "B", "DIP", "B15", "", "C", 66.93, 66.93, 43.31, 0],
		[141, "TCRT5000_3", 3125, 3685, "T", "DIP", "GND", "GND", "C", 66.93, 66.93, 43.31, 0],
		[142, "TCRT5000_3", 3125, 3685, "B", "DIP", "GND", "GND", "C", 66.93, 66.93, 43.31, 0],
		[143, "TCRT5000_4", 3225, 3685, "T", "DIP", "+5V", "", "C", 66.93, 66.93, 43.31, 0],
		[144, "TCRT5000_4", 3225, 3685, "B", "DIP", "+5V", "", "C", 66.93, 66.93, 43.31, 0],
		[145, "TCRT5000N1_1", 270, 3685, "T", "DIP", "TCRT5000N1_1", "", "R", 66.93, 66.93, 43.31, 0],
		[146, "TCRT5000N1_1", 270, 3685, "B", "DIP", "TCRT5000N1_1", "", "R", 66.93, 66.93, 43.31, 0],
		[147, "TCRT5000N1_2", 370, 3685, "T", "DIP", "B13", "", "C", 66.93, 66.93, 43.31, 0],
		[148, "TCRT5000N1_2", 370, 3685, "B", "DIP", "B13", "", "C", 66.93, 66.93, 43.31, 0],
		[149, "TCRT5000N1_3", 470, 3685, "T", "DIP", "GND", "GND", "C", 66.93, 66.93, 43.31, 0],
		[150, "TCRT5000N1_3", 470, 3685, "B", "DIP", "GND", "GND", "C", 66.93, 66.93, 43.31, 0],
		[151, "TCRT5000N1_4", 570, 3685, "T", "DIP", "+5V", "", "C", 66.93, 66.93, 43.31, 0],
		[152, "TCRT5000N1_4", 570, 3685, "B", "DIP", "+5V", "", "C", 66.93, 66.93, 43.31, 0],
		[153, "U3_1", 2202.5, 1406.5, "T", "DIP", "U3_1", "", "R", 59.05, 59.05, 35.43, 90],
		[154, "U3_1", 2202.5, 1406.5, "B", "DIP", "U3_1", "", "R", 59.05, 59.05, 35.43, 90],
		[155, "U3_2", 2202.5, 1506.5, "T", "DIP", "C13", "", "C", 59.05, 59.05, 35.43, 90],
		[156, "U3_2", 2202.5, 1506.5, "B", "DIP", "C13", "", "C", 59.05, 59.05, 35.43, 90],
		[157, "U3_3", 2202.5, 1606.5, "T", "DIP", "U3_3", "", "C", 59.05, 59.05, 35.43, 90],
		[158, "U3_3", 2202.5, 1606.5, "B", "DIP", "U3_3", "", "C", 59.05, 59.05, 35.43, 90],
		[159, "U3_4", 2202.5, 1706.5, "T", "DIP", "U3_4", "", "C", 59.05, 59.05, 35.43, 90],
		[160, "U3_4", 2202.5, 1706.5, "B", "DIP", "U3_4", "", "C", 59.05, 59.05, 35.43, 90],
		[161, "U3_5", 2202.5, 1806.5, "T", "DIP", "A0", "", "C", 59.05, 59.05, 35.43, 90],
		[162, "U3_5", 2202.5, 1806.5, "B", "DIP", "A0", "", "C", 59.05, 59.05, 35.43, 90],
		[163, "U3_6", 2202.5, 1906.5, "T", "DIP", "A1", "", "C", 59.05, 59.05, 35.43, 90],
		[164, "U3_6", 2202.5, 1906.5, "B", "DIP", "A1", "", "C", 59.05, 59.05, 35.43, 90],
		[165, "U3_7", 2202.5, 2006.5, "T", "DIP", "A2", "", "C", 59.05, 59.05, 35.43, 90],
		[166, "U3_7", 2202.5, 2006.5, "B", "DIP", "A2", "", "C", 59.05, 59.05, 35.43, 90],
		[167, "U3_8", 2202.5, 2106.5, "T", "DIP", "A3", "", "C", 59.05, 59.05, 35.43, 90],
		[168, "U3_8", 2202.5, 2106.5, "B", "DIP", "A3", "", "C", 59.05, 59.05, 35.43, 90],
		[169, "U3_9", 2202.5, 2206.5, "T", "DIP", "A4", "", "C", 59.05, 59.05, 35.43, 90],
		[170, "U3_9", 2202.5, 2206.5, "B", "DIP", "A4", "", "C", 59.05, 59.05, 35.43, 90],
		[171, "U3_10", 2202.5, 2306.5, "T", "DIP", "A5", "", "C", 59.05, 59.05, 35.43, 90],
		[172, "U3_10", 2202.5, 2306.5, "B", "DIP", "A5", "", "C", 59.05, 59.05, 35.43, 90],
		[173, "U3_11", 2202.5, 2406.5, "T", "DIP", "A6", "", "C", 59.05, 59.05, 35.43, 90],
		[174, "U3_11", 2202.5, 2406.5, "B", "DIP", "A6", "", "C", 59.05, 59.05, 35.43, 90],
		[175, "U3_12", 2202.5, 2506.5, "T", "DIP", "A7", "", "C", 59.05, 59.05, 35.43, 90],
		[176, "U3_12", 2202.5, 2506.5, "B", "DIP", "A7", "", "C", 59.05, 59.05, 35.43, 90],
		[177, "U3_13", 2202.5, 2606.5, "T", "DIP", "B0", "", "C", 59.05, 59.05, 35.63, 90],
		[178, "U3_13", 2202.5, 2606.5, "B", "DIP", "B0", "", "C", 59.05, 59.05, 35.63, 90],
		[179, "U3_14", 2202.5, 2706.5, "T", "DIP", "B1", "", "C", 59.05, 59.05, 35.43, 90],
		[180, "U3_14", 2202.5, 2706.5, "B", "DIP", "B1", "", "C", 59.05, 59.05, 35.43, 90],
		[181, "U3_15", 2202.5, 2806.5, "T", "DIP", "B10", "", "C", 59.05, 59.05, 35.63, 90],
		[182, "U3_15", 2202.5, 2806.5, "B", "DIP", "B10", "", "C", 59.05, 59.05, 35.63, 90],
		[183, "U3_16", 2202.5, 2906.5, "T", "DIP", "B11", "", "C", 59.05, 59.05, 35.63, 90],
		[184, "U3_16", 2202.5, 2906.5, "B", "DIP", "B11", "", "C", 59.05, 59.05, 35.63, 90],
		[185, "U3_17", 2202.5, 3006.5, "T", "DIP", "U3_17", "", "C", 59.05, 59.05, 35.63, 90],
		[186, "U3_17", 2202.5, 3006.5, "B", "DIP", "U3_17", "", "C", 59.05, 59.05, 35.63, 90],
		[187, "U3_18", 2202.5, 3106.5, "T", "DIP", "U3_18", "", "C", 59.05, 59.05, 35.43, 90],
		[188, "U3_18", 2202.5, 3106.5, "B", "DIP", "U3_18", "", "C", 59.05, 59.05, 35.43, 90],
		[189, "U3_19", 2202.5, 3206.5, "T", "DIP", "GND", "GND", "C", 59.05, 59.05, 35.43, 90],
		[190, "U3_19", 2202.5, 3206.5, "B", "DIP", "GND", "GND", "C", 59.05, 59.05, 35.43, 90],
		[191, "U3_20", 2202.5, 3306.5, "T", "DIP", "GND", "GND", "C", 59.05, 59.05, 35.43, 90],
		[192, "U3_20", 2202.5, 3306.5, "B", "DIP", "GND", "GND", "C", 59.05, 59.05, 35.43, 90],
		[193, "U3_21", 1602.5, 3306.5, "T", "DIP", "B12", "", "C", 59.05, 59.05, 35.63, 90],
		[194, "U3_21", 1602.5, 3306.5, "B", "DIP", "B12", "", "C", 59.05, 59.05, 35.63, 90],
		[195, "U3_22", 1602.5, 3206.5, "T", "DIP", "B13", "", "C", 59.05, 59.05, 35.63, 90],
		[196, "U3_22", 1602.5, 3206.5, "B", "DIP", "B13", "", "C", 59.05, 59.05, 35.63, 90],
		[197, "U3_23", 1602.5, 3106.5, "T", "DIP", "B14", "", "C", 59.05, 59.05, 35.63, 90],
		[198, "U3_23", 1602.5, 3106.5, "B", "DIP", "B14", "", "C", 59.05, 59.05, 35.63, 90],
		[199, "U3_24", 1602.5, 3006.5, "T", "DIP", "B15", "", "C", 59.05, 59.05, 35.63, 90],
		[200, "U3_24", 1602.5, 3006.5, "B", "DIP", "B15", "", "C", 59.05, 59.05, 35.63, 90],
		[201, "U3_25", 1602.5, 2906.5, "T", "DIP", "A8", "", "C", 59.05, 59.05, 35.63, 90],
		[202, "U3_25", 1602.5, 2906.5, "B", "DIP", "A8", "", "C", 59.05, 59.05, 35.63, 90],
		[203, "U3_26", 1602.5, 2806.5, "T", "DIP", "A9", "", "C", 59.05, 59.05, 35.63, 90],
		[204, "U3_26", 1602.5, 2806.5, "B", "DIP", "A9", "", "C", 59.05, 59.05, 35.63, 90],
		[205, "U3_27", 1602.5, 2706.5, "T", "DIP", "A10", "", "C", 59.05, 59.05, 35.63, 90],
		[206, "U3_27", 1602.5, 2706.5, "B", "DIP", "A10", "", "C", 59.05, 59.05, 35.63, 90],
		[207, "U3_28", 1602.5, 2606.5, "T", "DIP", "A11", "", "C", 59.05, 59.05, 35.63, 90],
		[208, "U3_28", 1602.5, 2606.5, "B", "DIP", "A11", "", "C", 59.05, 59.05, 35.63, 90],
		[209, "U3_29", 1602.5, 2506.5, "T", "DIP", "A12", "", "C", 59.05, 59.05, 35.63, 90],
		[210, "U3_29", 1602.5, 2506.5, "B", "DIP", "A12", "", "C", 59.05, 59.05, 35.63, 90],
		[211, "U3_30", 1602.5, 2406.5, "T", "DIP", "A15", "", "C", 59.05, 59.05, 35.63, 90],
		[212, "U3_30", 1602.5, 2406.5, "B", "DIP", "A15", "", "C", 59.05, 59.05, 35.63, 90],
		[213, "U3_31", 1602.5, 2306.5, "T", "DIP", "B3", "", "C", 59.05, 59.05, 35.63, 90],
		[214, "U3_31", 1602.5, 2306.5, "B", "DIP", "B3", "", "C", 59.05, 59.05, 35.63, 90],
		[215, "U3_32", 1602.5, 2206.5, "T", "DIP", "B4", "", "C", 59.05, 59.05, 35.63, 90],
		[216, "U3_32", 1602.5, 2206.5, "B", "DIP", "B4", "", "C", 59.05, 59.05, 35.63, 90],
		[217, "U3_33", 1602.5, 2106.5, "T", "DIP", "B5", "", "C", 59.05, 59.05, 35.63, 90],
		[218, "U3_33", 1602.5, 2106.5, "B", "DIP", "B5", "", "C", 59.05, 59.05, 35.63, 90],
		[219, "U3_34", 1602.5, 2006.5, "T", "DIP", "B6", "", "C", 59.05, 59.05, 35.63, 90],
		[220, "U3_34", 1602.5, 2006.5, "B", "DIP", "B6", "", "C", 59.05, 59.05, 35.63, 90],
		[221, "U3_35", 1602.5, 1906.5, "T", "DIP", "B7", "", "C", 59.05, 59.05, 35.63, 90],
		[222, "U3_35", 1602.5, 1906.5, "B", "DIP", "B7", "", "C", 59.05, 59.05, 35.63, 90],
		[223, "U3_36", 1602.5, 1806.5, "T", "DIP", "B8", "", "C", 59.05, 59.05, 35.63, 90],
		[224, "U3_36", 1602.5, 1806.5, "B", "DIP", "B8", "", "C", 59.05, 59.05, 35.63, 90],
		[225, "U3_37", 1602.5, 1706.5, "T", "DIP", "B9", "", "C", 59.05, 59.05, 35.63, 90],
		[226, "U3_37", 1602.5, 1706.5, "B", "DIP", "B9", "", "C", 59.05, 59.05, 35.63, 90],
		[227, "U3_38", 1602.5, 1606.5, "T", "DIP", "+5V", "", "C", 59.05, 59.05, 35.63, 90],
		[228, "U3_38", 1602.5, 1606.5, "B", "DIP", "+5V", "", "C", 59.05, 59.05, 35.63, 90],
		[229, "U3_39", 1602.5, 1506.5, "T", "DIP", "GND", "GND", "C", 59.05, 59.05, 35.63, 90],
		[230, "U3_39", 1602.5, 1506.5, "B", "DIP", "GND", "GND", "C", 59.05, 59.05, 35.63, 90],
		[231, "U3_40", 1602.5, 1406.5, "T", "DIP", "U3_40", "", "R", 59.05, 59.05, 35.63, 90],
		[232, "U3_40", 1602.5, 1406.5, "B", "DIP", "U3_40", "", "R", 59.05, 59.05, 35.63, 90],
		[233, "U9_1", 485, 1375, "T", "DIP", "GND", "GND", "C", 60, 60, 36, 0],
		[234, "U9_1", 485, 1375, "B", "DIP", "GND", "GND", "C", 60, 60, 36, 0],
		[235, "U9_2", 585, 1375, "T", "DIP", "GND", "GND", "C", 60, 60, 36, 0],
		[236, "U9_2", 585, 1375, "B", "DIP", "GND", "GND", "C", 60, 60, 36, 0],
		[237, "U9_3", 905, 1375, "T", "DIP", "VIN_12V", "", "C", 60, 60, 36, 0],
		[238, "U9_3", 905, 1375, "B", "DIP", "VIN_12V", "", "C", 60, 60, 36, 0],
		[239, "U9_4", 1005, 1375, "T", "DIP", "VIN_12V", "", "C", 60, 60, 36, 0],
		[240, "U9_4", 1005, 1375, "B", "DIP", "VIN_12V", "", "C", 60, 60, 36, 0],
		[241, "U9_5", 1005, 2105, "T", "DIP", "+5V", "", "C", 60, 60, 36, 180],
		[242, "U9_5", 1005, 2105, "B", "DIP", "+5V", "", "C", 60, 60, 36, 180],
		[243, "U9_6", 905, 2105, "T", "DIP", "+5V", "", "C", 60, 60, 36, 180],
		[244, "U9_6", 905, 2105, "B", "DIP", "+5V", "", "C", 60, 60, 36, 180],
		[245, "U9_7", 585, 2105, "T", "DIP", "GND", "GND", "C", 60, 60, 36, 180],
		[246, "U9_7", 585, 2105, "B", "DIP", "GND", "GND", "C", 60, 60, 36, 180],
		[247, "U9_8", 485, 2105, "T", "DIP", "GND", "GND", "C", 60, 60, 36, 180],
		[248, "U9_8", 485, 2105, "B", "DIP", "GND", "GND", "C", 60, 60, 36, 180],
		[249, "USART2_1", 2085, 775, "T", "DIP", "A3", "", "R", 66.93, 66.93, 39.37, 0],
		[250, "USART2_1", 2085, 775, "B", "DIP", "A3", "", "R", 66.93, 66.93, 39.37, 0],
		[251, "USART2_2", 2185, 775, "T", "DIP", "A2", "", "C", 66.93, 66.93, 39.37, 0],
		[252, "USART2_2", 2185, 775, "B", "DIP", "A2", "", "C", 66.93, 66.93, 39.37, 0],
		[253, "VCC_5V_1", 80, 3060, "T", "DIP", "+5V", "", "R", 66.93, 66.93, 43.31, 270],
		[254, "VCC_5V_1", 80, 3060, "B", "DIP", "+5V", "", "R", 66.93, 66.93, 43.31, 270],
		[255, "VCC_5V_2", 80, 2960, "T", "DIP", "+5V", "", "C", 66.93, 66.93, 43.31, 270],
		[256, "VCC_5V_2", 80, 2960, "B", "DIP", "+5V", "", "C", 66.93, 66.93, 43.31, 270],
		[257, "VCC_5V_3", 80, 2860, "T", "DIP", "+5V", "", "C", 66.93, 66.93, 43.31, 270],
		[258, "VCC_5V_3", 80, 2860, "B", "DIP", "+5V", "", "C", 66.93, 66.93, 43.31, 270],
		[259, "VIN_12V_1", 945, 455, "T", "DIP", "VIN_12V", "", "R", 66.93, 66.93, 39.37, 90],
		[260, "VIN_12V_1", 945, 455, "B", "DIP", "VIN_12V", "", "R", 66.93, 66.93, 39.37, 90],
		[261, "VIN_12V_2", 945, 555, "T", "DIP", "VIN_12V", "", "C", 66.93, 66.93, 39.37, 90],
		[262, "VIN_12V_2", 945, 555, "B", "DIP", "VIN_12V", "", "C", 66.93, 66.93, 39.37, 90],
		[263, "WS2812_1", 1509.68, 120, "T", "DIP", "GND", "GND", "R", 62.99, 62.99, 32.28, 90],
		[264, "WS2812_1", 1509.68, 120, "B", "DIP", "GND", "GND", "R", 62.99, 62.99, 32.28, 90],
		[265, "WS2812_2", 1509.68, 220, "T", "DIP", "+5V", "", "C", 62.99, 62.99, 32.28, 90],
		[266, "WS2812_2", 1509.68, 220, "B", "DIP", "+5V", "", "C", 62.99, 62.99, 32.28, 90],
		[267, "WS2812_3", 1509.68, 320, "T", "DIP", "A8", "", "C", 62.99, 62.99, 32.28, 90],
		[268, "WS2812_3", 1509.68, 320, "B", "DIP", "A8", "", "C", 62.99, 62.99, 32.28, 90],
		[269, "WS2812_4", 1509.68, 420, "T", "DIP", "GND", "GND", "C", 62.99, 62.99, 32.28, 90],
		[270, "WS2812_4", 1509.68, 420, "B", "DIP", "GND", "GND", "C", 62.99, 62.99, 32.28, 90]
	]
}
}